Loan_ID,Gender,Married,Education,Income,LoanAmount,Loan_Amount_Term,Credit_History,Property_Area,Loan_Status
LP001002,Male,No,Graduate,5849,,360,1,Urban,Y
LP001003,Male,Yes,Graduate,4583,128,360,1,Rural,N
LP001005,Male,Yes,Graduate,3000,66,360,1,Urban,Y
LP001006,Male,Yes,Not Graduate,2583,120,360,1,Urban,Y
LP001008,Male,No,Graduate,6000,141,360,1,Urban,Y
LP001011,Male,Yes,Graduate,5417,267,360,1,Urban,Y
LP001013,Male,Yes,Not Graduate,2333,95,360,1,Urban,Y
LP001014,Male,Yes,Graduate,3036,158,360,0,Semiurban,N
LP001018,Male,Yes,Graduate,4006,168,360,1,Urban,Y
LP001020,Male,Yes,Graduate,12841,349,360,1,Semiurban,N
LP001024,Male,Yes,Graduate,3200,70,360,1,Urban,Y
LP001027,Male,Yes,Graduate,2500,109,360,1,Urban,Y
LP001028,Male,Yes,Graduate,3073,200,360,1,Urban,Y
LP001029,Male,No,Graduate,1853,114,360,1,Rural,N
LP001030,Male,Yes,Graduate,1299,17,120,1,Urban,Y
LP001032,Male,No,Graduate,4950,125,360,1,Urban,Y
LP001034,Male,No,Not Graduate,3596,100,240,,Urban,Y
LP001036,Female,No,Graduate,3510,76,360,0,Urban,N
LP001038,Male,Yes,Not Graduate,4887,133,360,1,Rural,N
LP001041,Male,Yes,Graduate,2600,115,,1,Urban,Y
LP001043,Male,Yes,Not Graduate,7660,104,360,0,Urban,N
LP001046,Male,Yes,Graduate,5955,315,360,1,Urban,Y
LP001047,Male,Yes,Not Graduate,2600,116,360,0,Semiurban,N
LP001050,,Yes,Not Graduate,3365,112,360,0,Rural,N
LP001052,Male,Yes,Graduate,3717,151,360,,Semiurban,N
LP001066,Male,Yes,Graduate,9560,191,360,1,Semiurban,Y
LP001068,Male,Yes,Graduate,2799,122,360,1,Semiurban,Y
LP001073,Male,Yes,Not Graduate,4226,110,360,1,Urban,Y
LP001086,Male,No,Not Graduate,1442,35,360,1,Urban,N
LP001087,Female,No,Graduate,3750,120,360,1,Semiurban,Y
LP001091,Male,Yes,Graduate,4166,201,360,,Urban,N
LP001095,Male,No,Graduate,3167,74,360,1,Urban,N
LP001097,Male,No,Graduate,4692,106,360,1,Rural,N
LP001098,Male,Yes,Graduate,3500,114,360,1,Semiurban,Y
LP001100,Male,No,Graduate,12500,320,360,1,Rural,N
LP001106,Male,Yes,Graduate,2275,,360,1,Urban,Y
LP001109,Male,Yes,Graduate,1828,100,,0,Urban,N
LP001112,Female,Yes,Graduate,3667,144,360,1,Semiurban,Y
LP001114,Male,No,Graduate,4166,184,360,1,Urban,Y
LP001116,Male,No,Not Graduate,3748,110,360,1,Semiurban,Y
LP001119,Male,No,Graduate,3600,80,360,1,Urban,N
LP001120,Male,No,Graduate,1800,47,360,1,Urban,Y
LP001123,Male,Yes,Graduate,2400,75,360,,Urban,Y
LP001131,Male,Yes,Graduate,3941,134,360,1,Semiurban,Y
LP001136,Male,Yes,Not Graduate,4695,96,,1,Urban,Y
LP001137,Female,No,Graduate,3410,88,,1,Urban,Y
LP001138,Male,Yes,Graduate,5649,44,360,1,Urban,Y
LP001144,Male,Yes,Graduate,5821,144,360,1,Urban,Y
LP001146,Female,Yes,Graduate,2645,120,360,0,Urban,N
LP001151,Female,No,Graduate,4000,144,360,1,Semiurban,Y
LP001155,Female,Yes,Not Graduate,1928,100,360,1,Semiurban,Y
LP001157,Female,No,Graduate,3086,120,360,1,Semiurban,Y
LP001164,Female,No,Graduate,4230,112,360,1,Semiurban,N
LP001179,Male,Yes,Graduate,4616,134,360,1,Urban,N
LP001186,Female,Yes,Graduate,11500,286,360,0,Urban,N
LP001194,Male,Yes,Graduate,2708,97,360,1,Semiurban,Y
LP001195,Male,Yes,Graduate,2132,96,360,1,Semiurban,Y
LP001197,Male,Yes,Graduate,3366,135,360,1,Rural,N
LP001198,Male,Yes,Graduate,8080,180,360,1,Urban,Y
LP001199,Male,Yes,Not Graduate,3357,144,360,1,Urban,Y
LP001205,Male,Yes,Graduate,2500,120,360,1,Urban,Y
LP001206,Male,Yes,Graduate,3029,99,360,1,Urban,Y
LP001207,Male,Yes,Not Graduate,2609,165,180,0,Rural,N
LP001213,Male,Yes,Graduate,4945,,360,0,Rural,N
LP001222,Female,No,Graduate,4166,116,360,0,Semiurban,N
LP001225,Male,Yes,Graduate,5726,258,360,1,Semiurban,N
LP001228,Male,No,Not Graduate,3200,126,180,0,Urban,N
LP001233,Male,Yes,Graduate,10750,312,360,1,Urban,Y
LP001238,Male,Yes,Not Graduate,7100,125,60,1,Urban,Y
LP001241,Female,No,Graduate,4300,136,360,0,Semiurban,N
LP001243,Male,Yes,Graduate,3208,172,360,1,Urban,Y
LP001245,Male,Yes,Not Graduate,1875,97,360,1,Semiurban,Y
LP001248,Male,No,Graduate,3500,81,300,1,Semiurban,Y
LP001250,Male,Yes,Not Graduate,4755,95,,0,Semiurban,N
LP001253,Male,Yes,Graduate,5266,187,360,1,Semiurban,Y
LP001255,Male,No,Graduate,3750,113,480,1,Urban,N
LP001256,Male,No,Graduate,3750,176,360,1,Urban,N
LP001259,Male,Yes,Graduate,1000,110,360,1,Urban,N
LP001263,Male,Yes,Graduate,3167,180,300,0,Semiurban,N
LP001264,Male,Yes,Not Graduate,3333,130,360,,Semiurban,Y
LP001265,Female,No,Graduate,3846,111,360,1,Semiurban,Y
LP001266,Male,Yes,Graduate,2395,,360,1,Semiurban,Y
LP001267,Female,Yes,Graduate,1378,167,360,1,Urban,N
LP001273,Male,Yes,Graduate,6000,265,360,,Semiurban,N
LP001275,Male,Yes,Graduate,3988,50,240,1,Urban,Y
LP001279,Male,No,Graduate,2366,136,360,1,Semiurban,Y
LP001280,Male,Yes,Not Graduate,3333,99,360,,Semiurban,Y
LP001282,Male,Yes,Graduate,2500,104,360,1,Semiurban,Y
LP001289,Male,No,Graduate,8566,210,360,1,Urban,Y
LP001310,Male,Yes,Graduate,5695,175,360,1,Semiurban,Y
LP001316,Male,Yes,Graduate,2958,131,360,1,Semiurban,Y
LP001318,Male,Yes,Graduate,6250,188,180,1,Semiurban,Y
LP001319,Male,Yes,Not Graduate,3273,81,360,1,Urban,Y
LP001322,Male,No,Graduate,4133,122,360,1,Semiurban,Y
LP001325,Male,No,Not Graduate,3620,25,120,1,Semiurban,Y
LP001326,Male,No,Graduate,6782,,360,,Urban,N
LP001327,Female,Yes,Graduate,2484,137,360,1,Semiurban,Y
LP001333,Male,Yes,Graduate,1977,50,360,1,Semiurban,Y
LP001334,Male,Yes,Not Graduate,4188,115,180,1,Semiurban,Y
LP001343,Male,Yes,Graduate,1759,131,360,1,Semiurban,Y
LP001345,Male,Yes,Not Graduate,4288,133,180,1,Urban,Y
LP001349,Male,No,Graduate,4843,151,360,1,Semiurban,Y
LP001350,Male,Yes,Graduate,13650,,360,1,Urban,Y
LP001356,Male,Yes,Graduate,4652,,360,1,Semiurban,Y
LP001357,Male,,Graduate,3816,160,360,1,Urban,Y
LP001367,Male,Yes,Graduate,3052,100,360,1,Urban,Y
LP001369,Male,Yes,Graduate,11417,225,360,1,Urban,Y
LP001370,Male,No,Not Graduate,7333,120,360,1,Rural,N
LP001379,Male,Yes,Graduate,3800,216,360,0,Urban,N
LP001384,Male,Yes,Not Graduate,2071,94,480,1,Semiurban,Y
LP001385,Male,No,Graduate,5316,136,360,1,Urban,Y
LP001387,Female,Yes,Graduate,2929,139,360,1,Semiurban,Y
LP001391,Male,Yes,Not Graduate,3572,152,,0,Rural,N
LP001392,Female,No,Graduate,7451,,360,1,Semiurban,Y
LP001398,Male,No,Graduate,5050,118,360,1,Semiurban,Y
LP001401,Male,Yes,Graduate,14583,185,180,1,Rural,Y
LP001404,Female,Yes,Graduate,3167,154,360,1,Semiurban,Y
LP001405,Male,Yes,Graduate,2214,85,360,,Urban,Y
LP001421,Male,Yes,Graduate,5568,175,360,1,Rural,N
LP001422,Female,No,Graduate,10408,259,360,1,Urban,Y
LP001426,Male,Yes,Graduate,5667,180,360,1,Rural,Y
LP001430,Female,No,Graduate,4166,44,360,1,Semiurban,Y
LP001431,Female,No,Graduate,2137,137,360,0,Semiurban,Y
LP001432,Male,Yes,Graduate,2957,81,360,1,Semiurban,Y
LP001439,Male,Yes,Not Graduate,4300,194,360,1,Rural,Y
LP001443,Female,No,Graduate,3692,93,360,,Rural,Y
LP001448,,Yes,Graduate,23803,370,360,1,Rural,Y
LP001449,Male,No,Graduate,3865,,360,1,Rural,Y
LP001451,Male,Yes,Graduate,10513,160,180,0,Urban,N
LP001465,Male,Yes,Graduate,6080,182,360,,Rural,N
LP001469,Male,No,Graduate,20166,650,480,,Urban,Y
LP001473,Male,No,Graduate,2014,74,360,1,Urban,Y
LP001478,Male,No,Graduate,2718,70,360,1,Semiurban,Y
LP001482,Male,Yes,Graduate,3459,25,120,1,Semiurban,Y
LP001487,Male,No,Graduate,4895,102,360,1,Semiurban,Y
LP001488,Male,Yes,Graduate,4000,290,360,1,Semiurban,N
LP001489,Female,Yes,Graduate,4583,84,360,1,Rural,N
LP001491,Male,Yes,Graduate,3316,88,360,1,Urban,Y
LP001492,Male,No,Graduate,14999,242,360,0,Semiurban,N
LP001493,Male,Yes,Not Graduate,4200,129,360,1,Rural,N
LP001497,Male,Yes,Graduate,5042,185,360,1,Rural,N
LP001498,Male,No,Graduate,5417,168,360,1,Urban,Y
LP001504,Male,No,Graduate,6950,175,180,1,Semiurban,Y
LP001507,Male,Yes,Graduate,2698,122,360,1,Semiurban,Y
LP001508,Male,Yes,Graduate,11757,187,180,1,Urban,Y
LP001514,Female,Yes,Graduate,2330,100,360,1,Semiurban,Y
LP001516,Female,Yes,Graduate,14866,70,360,1,Urban,Y
LP001518,Male,Yes,Graduate,1538,30,360,1,Urban,Y
LP001519,Female,No,Graduate,10000,225,360,1,Rural,N
LP001520,Male,Yes,Graduate,4860,125,360,1,Semiurban,Y
LP001528,Male,No,Graduate,6277,118,360,0,Rural,N
LP001529,Male,Yes,Graduate,2577,152,360,1,Rural,Y
LP001531,Male,No,Graduate,9166,244,360,1,Urban,N
LP001532,Male,Yes,Not Graduate,2281,113,360,1,Rural,N
LP001535,Male,No,Graduate,3254,50,360,1,Urban,Y
LP001536,Male,Yes,Graduate,39999,600,180,0,Semiurban,Y
LP001541,Male,Yes,Graduate,6000,160,360,,Rural,Y
LP001543,Male,Yes,Graduate,9538,187,360,1,Urban,Y
LP001546,Male,No,Graduate,2980,120,360,1,Rural,Y
LP001552,Male,Yes,Graduate,4583,255,360,1,Semiurban,Y
LP001560,Male,Yes,Not Graduate,1863,98,360,1,Semiurban,Y
LP001562,Male,Yes,Graduate,7933,275,360,1,Urban,N
LP001565,Male,Yes,Graduate,3089,121,360,0,Semiurban,N
LP001570,Male,Yes,Graduate,4167,158,360,1,Rural,Y
LP001572,Male,Yes,Graduate,9323,75,180,1,Urban,Y
LP001574,Male,Yes,Graduate,3707,182,,1,Rural,Y
LP001577,Female,Yes,Graduate,4583,112,360,1,Rural,N
LP001578,Male,Yes,Graduate,2439,129,360,1,Rural,Y
LP001579,Male,No,Graduate,2237,63,480,0,Semiurban,N
LP001580,Male,Yes,Graduate,8000,200,360,1,Semiurban,Y
LP001581,Male,Yes,Not Graduate,1820,95,360,1,Rural,Y
LP001585,,Yes,Graduate,51763,700,300,1,Urban,Y
LP001586,Male,Yes,Not Graduate,3522,81,180,1,Rural,N
LP001594,Male,Yes,Graduate,5708,187,360,1,Semiurban,Y
LP001603,Male,Yes,Not Graduate,4344,87,360,1,Semiurban,N
LP001606,Male,Yes,Graduate,3497,116,360,1,Rural,Y
LP001608,Male,Yes,Graduate,2045,101,360,1,Rural,Y
LP001610,Male,Yes,Graduate,5516,495,360,0,Semiurban,N
LP001616,Male,Yes,Graduate,3750,116,360,1,Semiurban,Y
LP001630,Male,No,Not Graduate,2333,102,480,0,Urban,N
LP001633,Male,Yes,Graduate,6400,180,360,0,Urban,N
LP001634,Male,No,Graduate,1916,67,360,,Rural,N
LP001636,Male,Yes,Graduate,4600,73,180,1,Semiurban,Y
LP001637,Male,Yes,Graduate,33846,260,360,1,Semiurban,N
LP001639,Female,Yes,Graduate,3625,108,360,1,Semiurban,Y
LP001640,Male,Yes,Graduate,39147,120,360,1,Semiurban,Y
LP001641,Male,Yes,Graduate,2178,66,300,0,Rural,N
LP001643,Male,Yes,Graduate,2383,58,360,,Rural,Y
LP001644,,Yes,Graduate,674,168,360,1,Rural,Y
LP001647,Male,Yes,Graduate,9328,188,180,1,Rural,Y
LP001653,Male,No,Not Graduate,4885,48,360,1,Rural,Y
LP001656,Male,No,Graduate,12000,164,360,1,Semiurban,N
LP001657,Male,Yes,Not Graduate,6033,160,360,1,Urban,N
LP001658,Male,No,Graduate,3858,76,360,1,Semiurban,Y
LP001664,Male,No,Graduate,4191,120,360,1,Rural,Y
LP001665,Male,Yes,Graduate,3125,170,360,1,Semiurban,N
LP001666,Male,No,Graduate,8333,187,360,1,Rural,Y
LP001669,Female,No,Not Graduate,1907,120,,1,Urban,Y
LP001671,Female,Yes,Graduate,3416,113,360,,Semiurban,Y
LP001673,Male,No,Graduate,11000,83,360,1,Urban,N
LP001674,Male,Yes,Not Graduate,2600,90,360,1,Semiurban,Y
LP001677,Male,No,Graduate,4923,166,360,0,Semiurban,Y
LP001682,Male,Yes,Not Graduate,3992,,180,1,Urban,N
LP001688,Male,Yes,Not Graduate,3500,135,360,1,Urban,Y
LP001691,Male,Yes,Not Graduate,3917,124,360,1,Semiurban,Y
LP001692,Female,No,Not Graduate,4408,120,360,1,Semiurban,Y
LP001693,Female,No,Graduate,3244,80,360,1,Urban,Y
LP001698,Male,No,Not Graduate,3975,55,360,1,Rural,Y
LP001699,Male,No,Graduate,2479,59,360,1,Urban,Y
LP001702,Male,No,Graduate,3418,127,360,1,Semiurban,N
LP001708,Female,No,Graduate,10000,214,360,1,Semiurban,N
LP001711,Male,Yes,Graduate,3430,128,360,0,Semiurban,N
LP001713,Male,Yes,Graduate,7787,240,360,1,Urban,Y
LP001715,Male,Yes,Not Graduate,5703,130,360,1,Rural,Y
LP001716,Male,Yes,Graduate,3173,137,360,1,Urban,Y
LP001720,Male,Yes,Not Graduate,3850,100,360,1,Semiurban,Y
LP001722,Male,Yes,Graduate,150,135,360,1,Rural,N
LP001726,Male,Yes,Graduate,3727,131,360,1,Semiurban,Y
LP001732,Male,Yes,Graduate,5000,72,360,0,Semiurban,N
LP001734,Female,Yes,Graduate,4283,127,360,,Semiurban,Y
LP001736,Male,Yes,Graduate,2221,60,360,0,Urban,N
LP001743,Male,Yes,Graduate,4009,116,360,1,Semiurban,Y
LP001744,Male,No,Graduate,2971,144,360,1,Semiurban,Y
LP001749,Male,Yes,Graduate,7578,175,,1,Semiurban,Y
LP001750,Male,Yes,Graduate,6250,128,360,1,Semiurban,Y
LP001751,Male,Yes,Graduate,3250,170,360,1,Rural,N
LP001754,Male,Yes,Not Graduate,4735,138,360,1,Urban,N
LP001758,Male,Yes,Graduate,6250,210,360,1,Semiurban,Y
LP001760,Male,,Graduate,4758,158,480,1,Semiurban,Y
LP001761,Male,No,Graduate,6400,200,360,1,Rural,Y
LP001765,Male,Yes,Graduate,2491,104,360,1,Semiurban,Y
LP001768,Male,Yes,Graduate,3716,42,180,1,Rural,Y
LP001770,Male,No,Not Graduate,3189,120,,1,Rural,Y
LP001776,Female,No,Graduate,8333,280,360,1,Semiurban,Y
LP001778,Male,Yes,Graduate,3155,140,360,1,Semiurban,Y
LP001784,Male,Yes,Graduate,5500,170,360,1,Rural,Y
LP001786,Male,Yes,Graduate,5746,255,360,,Urban,N
LP001788,Female,No,Graduate,3463,122,360,,Urban,Y
LP001790,Female,No,Graduate,3812,112,360,1,Rural,Y
LP001792,Male,Yes,Graduate,3315,96,360,1,Semiurban,Y
LP001798,Male,Yes,Graduate,5819,120,360,1,Rural,Y
LP001800,Male,Yes,Not Graduate,2510,140,180,1,Urban,N
LP001806,Male,No,Graduate,2965,155,60,1,Urban,Y
LP001807,Male,Yes,Graduate,6250,108,360,1,Rural,Y
LP001811,Male,Yes,Not Graduate,3406,123,360,1,Semiurban,Y
LP001813,Male,No,Graduate,6050,120,180,1,Urban,N
LP001814,Male,Yes,Graduate,9703,112,360,1,Urban,Y
LP001819,Male,Yes,Not Graduate,6608,137,180,1,Urban,Y
LP001824,Male,Yes,Graduate,2882,123,480,1,Semiurban,Y
LP001825,Male,Yes,Graduate,1809,90,360,1,Urban,Y
LP001835,Male,Yes,Not Graduate,1668,201,360,0,Semiurban,N
LP001836,Female,No,Graduate,3427,138,360,1,Urban,N
LP001841,Male,No,Not Graduate,2583,104,360,1,Rural,Y
LP001843,Male,Yes,Not Graduate,2661,279,180,1,Semiurban,Y
LP001844,Male,No,Graduate,16250,192,360,0,Urban,N
LP001846,Female,No,Graduate,3083,255,360,1,Rural,Y
LP001849,Male,No,Not Graduate,6045,115,360,0,Rural,N
LP001854,Male,Yes,Graduate,5250,94,360,1,Urban,N
LP001859,Male,Yes,Graduate,14683,304,360,1,Rural,N
LP001864,Male,Yes,Not Graduate,4931,128,360,,Semiurban,N
LP001865,Male,Yes,Graduate,6083,330,360,,Urban,Y
LP001868,Male,No,Graduate,2060,134,360,1,Semiurban,Y
LP001870,Female,No,Graduate,3481,155,36,1,Semiurban,N
LP001871,Female,No,Graduate,7200,120,360,1,Rural,Y
LP001872,Male,No,Graduate,5166,128,360,1,Semiurban,Y
LP001875,Male,No,Graduate,4095,151,360,1,Rural,Y
LP001877,Male,Yes,Graduate,4708,150,360,1,Semiurban,Y
LP001882,Male,Yes,Graduate,4333,160,360,0,Urban,Y
LP001883,Female,No,Graduate,3418,135,360,1,Rural,N
LP001884,Female,No,Graduate,2876,90,360,1,Urban,Y
LP001888,Female,No,Graduate,3237,30,360,1,Urban,Y
LP001891,Male,Yes,Graduate,11146,136,360,1,Urban,Y
LP001892,Male,No,Graduate,2833,126,360,1,Rural,Y
LP001894,Male,Yes,Graduate,2620,150,360,1,Semiurban,Y
LP001896,Male,Yes,Graduate,3900,90,360,1,Semiurban,Y
LP001900,Male,Yes,Graduate,2750,115,360,1,Semiurban,Y
LP001903,Male,Yes,Graduate,3993,207,360,1,Semiurban,Y
LP001904,Male,Yes,Graduate,3103,80,360,1,Urban,Y
LP001907,Male,Yes,Graduate,14583,436,360,1,Semiurban,Y
LP001908,Female,Yes,Not Graduate,4100,124,360,,Rural,Y
LP001910,Male,No,Not Graduate,4053,158,360,0,Urban,N
LP001914,Male,Yes,Graduate,3927,112,360,1,Semiurban,Y
LP001915,Male,Yes,Graduate,2301,78,180,1,Urban,Y
LP001917,Female,No,Graduate,1811,54,360,1,Urban,Y
LP001922,Male,Yes,Graduate,20667,,360,1,Rural,N
LP001924,Male,No,Graduate,3158,89,360,1,Rural,Y
LP001925,Female,No,Graduate,2600,99,300,1,Semiurban,N
LP001926,Male,Yes,Graduate,3704,120,360,1,Rural,Y
LP001931,Female,No,Graduate,4124,115,360,1,Semiurban,Y
LP001935,Male,No,Graduate,9508,187,360,1,Rural,Y
LP001936,Male,Yes,Graduate,3075,139,360,1,Rural,Y
LP001938,Male,Yes,Graduate,4400,127,360,0,Semiurban,N
LP001940,Male,Yes,Graduate,3153,134,360,1,Urban,Y
LP001945,Female,No,Graduate,5417,143,480,0,Urban,N
LP001947,Male,Yes,Graduate,2383,172,360,1,Semiurban,Y
LP001949,Male,Yes,Graduate,4416,110,360,1,Urban,Y
LP001953,Male,Yes,Graduate,6875,200,360,1,Semiurban,Y
LP001954,Female,Yes,Graduate,4666,135,360,1,Urban,Y
LP001955,Female,No,Graduate,5000,151,480,1,Rural,N
LP001963,Male,Yes,Graduate,2014,113,360,1,Urban,N
LP001964,Male,Yes,Not Graduate,1800,93,360,0,Urban,N
LP001972,Male,Yes,Not Graduate,2875,105,360,1,Semiurban,Y
LP001974,Female,No,Graduate,5000,132,360,1,Rural,Y
LP001977,Male,Yes,Graduate,1625,96,360,1,Urban,Y
LP001978,Male,No,Graduate,4000,140,360,1,Rural,Y
LP001990,Male,No,Not Graduate,2000,,360,1,Urban,N
LP001993,Female,No,Graduate,3762,135,360,1,Rural,Y
LP001994,Female,No,Graduate,2400,104,360,0,Urban,N
LP001996,Male,No,Graduate,20233,480,360,1,Rural,N
LP001998,Male,Yes,Not Graduate,7667,185,360,,Rural,Y
LP002002,Female,No,Graduate,2917,84,360,1,Semiurban,Y
LP002004,Male,No,Not Graduate,2927,111,360,1,Semiurban,Y
LP002006,Female,No,Graduate,2507,56,360,1,Rural,Y
LP002008,Male,Yes,Graduate,5746,144,84,,Rural,Y
LP002024,,Yes,Graduate,2473,159,360,1,Rural,N
LP002031,Male,Yes,Not Graduate,3399,111,180,1,Urban,Y
LP002035,Male,Yes,Graduate,3717,120,360,1,Semiurban,Y
LP002036,Male,Yes,Graduate,2058,88,360,,Urban,Y
LP002043,Female,No,Graduate,3541,112,360,,Semiurban,Y
LP002050,Male,Yes,Graduate,10000,155,360,1,Rural,N
LP002051,Male,Yes,Graduate,2400,115,360,1,Semiurban,Y
LP002053,Male,Yes,Graduate,4342,124,360,1,Semiurban,Y
LP002054,Male,Yes,Not Graduate,3601,,360,1,Rural,Y
LP002055,Female,No,Graduate,3166,132,360,,Rural,Y
LP002065,Male,Yes,Graduate,15000,300,360,1,Rural,Y
LP002067,Male,Yes,Graduate,8666,376,360,0,Rural,N
LP002068,Male,No,Graduate,4917,130,360,0,Rural,Y
LP002082,Male,Yes,Graduate,5818,184,360,1,Semiurban,Y
LP002086,Female,Yes,Graduate,4333,110,360,1,Urban,N
LP002087,Female,No,Graduate,2500,67,360,1,Urban,Y
LP002097,Male,No,Graduate,4384,117,360,1,Urban,Y
LP002098,Male,No,Graduate,2935,98,360,1,Semiurban,Y
LP002100,Male,No,Graduate,2833,71,360,1,Urban,Y
LP002101,Male,Yes,Graduate,63337,490,180,1,Urban,Y
LP002103,,Yes,Graduate,9833,182,180,1,Urban,Y
LP002106,Male,Yes,Graduate,5503,70,,1,Semiurban,Y
LP002110,Male,Yes,Graduate,5250,160,360,1,Rural,Y
LP002112,Male,Yes,Graduate,2500,176,360,1,Rural,Y
LP002113,Female,No,Not Graduate,1830,,360,0,Urban,N
LP002114,Female,No,Graduate,4160,71,360,1,Semiurban,Y
LP002115,Male,Yes,Not Graduate,2647,173,360,1,Rural,N
LP002116,Female,No,Graduate,2378,46,360,1,Rural,N
LP002119,Male,Yes,Not Graduate,4554,158,360,1,Urban,Y
LP002126,Male,Yes,Not Graduate,3173,74,360,1,Semiurban,Y
LP002128,Male,Yes,Graduate,2583,125,360,1,Rural,Y
LP002129,Male,Yes,Graduate,2499,160,360,1,Semiurban,Y
LP002130,Male,Yes,Not Graduate,3523,152,360,0,Rural,N
LP002131,Male,Yes,Not Graduate,3083,126,360,1,Urban,Y
LP002137,Male,Yes,Graduate,6333,259,360,,Semiurban,Y
LP002138,Male,Yes,Graduate,2625,187,360,1,Rural,Y
LP002139,Male,Yes,Graduate,9083,228,360,1,Semiurban,Y
LP002140,Male,No,Graduate,8750,308,360,1,Rural,N
LP002141,Male,Yes,Graduate,2666,95,360,1,Rural,Y
LP002142,Female,Yes,Graduate,5500,105,360,0,Rural,N
LP002143,Female,Yes,Graduate,2423,130,360,1,Semiurban,Y
LP002144,Female,No,Graduate,3813,116,180,1,Urban,Y
LP002149,Male,Yes,Graduate,8333,165,360,1,Rural,Y
LP002151,Male,Yes,Graduate,3875,67,360,1,Urban,N
LP002158,Male,Yes,Not Graduate,3000,100,480,0,Urban,N
LP002160,Male,Yes,Graduate,5167,200,360,1,Semiurban,Y
LP002161,Female,No,Graduate,4723,81,360,1,Semiurban,N
LP002170,Male,Yes,Graduate,5000,236,360,1,Semiurban,Y
LP002175,Male,Yes,Graduate,4750,130,360,1,Urban,Y
LP002178,Male,Yes,Graduate,3013,95,300,,Urban,Y
LP002180,Male,No,Graduate,6822,141,360,1,Rural,Y
LP002181,Male,No,Not Graduate,6216,133,360,1,Rural,N
LP002187,Male,No,Graduate,2500,96,480,1,Semiurban,N
LP002188,Male,No,Graduate,5124,124,,0,Rural,N
LP002190,Male,Yes,Graduate,6325,175,360,1,Semiurban,Y
LP002191,Male,Yes,Graduate,19730,570,360,1,Rural,N
LP002194,Female,No,Graduate,15759,55,360,1,Semiurban,Y
LP002197,Male,Yes,Graduate,5185,155,360,1,Semiurban,Y
LP002201,Male,Yes,Graduate,9323,380,300,1,Rural,Y
LP002205,Male,No,Graduate,3062,111,180,0,Urban,N
LP002209,Female,No,Graduate,2764,110,360,1,Urban,Y
LP002211,Male,Yes,Graduate,4817,120,180,1,Urban,Y
LP002219,Male,Yes,Graduate,8750,130,360,1,Rural,Y
LP002223,Male,Yes,Graduate,4310,130,360,,Semiurban,Y
LP002224,Male,No,Graduate,3069,71,480,1,Urban,N
LP002225,Male,Yes,Graduate,5391,130,360,1,Urban,Y
LP002226,Male,Yes,Graduate,3333,128,360,1,Semiurban,Y
LP002229,Male,No,Graduate,5941,296,360,1,Semiurban,Y
LP002231,Female,No,Graduate,6000,156,360,1,Urban,Y
LP002234,Male,No,Graduate,7167,128,360,1,Urban,Y
LP002236,Male,Yes,Graduate,4566,100,360,1,Urban,N
LP002237,Male,No,Graduate,3667,113,180,1,Urban,Y
LP002239,Male,No,Not Graduate,2346,132,360,1,Semiurban,Y
LP002243,Male,Yes,Not Graduate,3010,,360,0,Urban,N
LP002244,Male,Yes,Graduate,2333,136,360,1,Urban,Y
LP002250,Male,Yes,Graduate,5488,125,360,1,Rural,Y
LP002255,Male,No,Graduate,9167,185,360,1,Rural,Y
LP002262,Male,Yes,Graduate,9504,275,360,1,Rural,Y
LP002263,Male,Yes,Graduate,2583,120,360,,Urban,Y
LP002265,Male,Yes,Not Graduate,1993,113,180,1,Semiurban,Y
LP002266,Male,Yes,Graduate,3100,113,360,1,Urban,Y
LP002272,Male,Yes,Graduate,3276,135,360,,Semiurban,Y
LP002277,Female,No,Graduate,3180,71,360,0,Urban,N
LP002281,Male,Yes,Graduate,3033,95,360,1,Urban,Y
LP002284,Male,No,Not Graduate,3902,109,360,1,Rural,Y
LP002287,Female,No,Graduate,1500,103,360,0,Semiurban,N
LP002288,Male,Yes,Not Graduate,2889,45,180,0,Urban,N
LP002296,Male,No,Not Graduate,2755,65,300,1,Rural,N
LP002297,Male,No,Graduate,2500,103,360,1,Semiurban,Y
LP002300,Female,No,Not Graduate,1963,53,360,1,Semiurban,Y
LP002301,Female,No,Graduate,7441,194,360,1,Rural,N
LP002305,Female,No,Graduate,4547,115,360,1,Semiurban,Y
LP002308,Male,Yes,Not Graduate,2167,115,360,1,Urban,Y
LP002314,Female,No,Not Graduate,2213,66,360,1,Rural,Y
LP002315,Male,Yes,Graduate,8300,152,300,0,Semiurban,N
LP002317,Male,Yes,Graduate,81000,360,360,0,Rural,N
LP002318,Female,No,Not Graduate,3867,62,360,1,Semiurban,N
LP002319,Male,Yes,Graduate,6256,160,360,,Urban,Y
LP002328,Male,Yes,Not Graduate,6096,218,360,0,Rural,N
LP002332,Male,Yes,Not Graduate,2253,110,360,1,Rural,Y
LP002335,Female,Yes,Not Graduate,2149,178,360,0,Semiurban,N
LP002337,Female,No,Graduate,2995,60,360,1,Urban,Y
LP002341,Female,No,Graduate,2600,160,360,1,Urban,N
LP002342,Male,Yes,Graduate,1600,239,360,1,Urban,N
LP002345,Male,Yes,Graduate,1025,112,360,1,Rural,Y
LP002347,Male,Yes,Graduate,3246,138,360,1,Semiurban,Y
LP002348,Male,Yes,Graduate,5829,138,360,1,Rural,Y
LP002357,Female,No,Not Graduate,2720,80,,0,Urban,N
LP002361,Male,Yes,Graduate,1820,100,360,1,Urban,Y
LP002362,Male,Yes,Graduate,7250,110,,0,Urban,N
LP002364,Male,Yes,Graduate,14880,96,360,1,Semiurban,Y
LP002366,Male,Yes,Graduate,2666,121,360,1,Rural,Y
LP002367,Female,No,Not Graduate,4606,81,360,1,Rural,N
LP002368,Male,Yes,Graduate,5935,133,360,1,Semiurban,Y
LP002369,Male,Yes,Graduate,2920,87,360,1,Rural,Y
LP002370,Male,No,Not Graduate,2717,60,180,1,Urban,Y
LP002377,Female,No,Graduate,8624,150,360,1,Semiurban,Y
LP002379,Male,No,Graduate,6500,105,360,0,Rural,N
LP002386,Male,No,Graduate,12876,405,360,1,Semiurban,Y
LP002387,Male,Yes,Graduate,2425,143,360,1,Semiurban,Y
LP002390,Male,No,Graduate,3750,100,360,1,Urban,Y
LP002393,Female,,Graduate,10047,,240,1,Semiurban,Y
LP002398,Male,No,Graduate,1926,50,360,1,Semiurban,Y
LP002401,Male,Yes,Graduate,2213,,360,1,Urban,Y
LP002403,Male,No,Graduate,10416,187,360,0,Urban,N
LP002407,Female,Yes,Not Graduate,7142,138,360,1,Rural,Y
LP002408,Male,No,Graduate,3660,187,360,1,Semiurban,Y
LP002409,Male,Yes,Graduate,7901,180,360,1,Rural,Y
LP002418,Male,No,Not Graduate,4707,148,360,1,Semiurban,Y
LP002422,Male,No,Graduate,37719,152,360,1,Semiurban,Y
LP002424,Male,Yes,Graduate,7333,175,300,,Rural,Y
LP002429,Male,Yes,Graduate,3466,130,360,1,Rural,Y
LP002434,Male,Yes,Not Graduate,4652,110,360,1,Rural,Y
LP002435,Male,Yes,Graduate,3539,55,360,1,Rural,N
LP002443,Male,Yes,Graduate,3340,150,360,0,Rural,N
LP002444,Male,No,Not Graduate,2769,190,360,,Semiurban,N
LP002446,Male,Yes,Not Graduate,2309,125,360,0,Rural,N
LP002447,Male,Yes,Not Graduate,1958,60,300,,Urban,Y
LP002448,Male,Yes,Graduate,3948,149,360,0,Rural,N
LP002449,Male,Yes,Graduate,2483,90,180,0,Rural,Y
LP002453,Male,No,Graduate,7085,84,360,1,Semiurban,Y
LP002455,Male,Yes,Graduate,3859,96,360,1,Semiurban,Y
LP002459,Male,Yes,Graduate,4301,118,360,1,Urban,Y
LP002467,Male,Yes,Graduate,3708,173,360,1,Urban,N
LP002472,Male,No,Graduate,4354,136,360,1,Rural,Y
LP002473,Male,Yes,Graduate,8334,160,360,1,Semiurban,N
LP002478,,Yes,Graduate,2083,160,360,,Semiurban,Y
LP002484,Male,Yes,Graduate,7740,128,180,1,Urban,Y
LP002487,Male,Yes,Graduate,3015,153,360,1,Rural,Y
LP002489,Female,No,Not Graduate,5191,132,360,1,Semiurban,Y
LP002493,Male,No,Graduate,4166,98,360,0,Semiurban,N
LP002494,Male,No,Graduate,6000,140,360,1,Rural,Y
LP002500,Male,Yes,Not Graduate,2947,70,180,0,Urban,N
LP002501,,Yes,Graduate,16692,110,360,1,Semiurban,Y
LP002502,Female,Yes,Not Graduate,210,98,360,1,Semiurban,Y
LP002505,Male,Yes,Graduate,4333,110,360,1,Urban,N
LP002515,Male,Yes,Graduate,3450,162,360,1,Semiurban,Y
LP002517,Male,Yes,Not Graduate,2653,113,180,0,Rural,N
LP002519,Male,Yes,Graduate,4691,100,360,1,Semiurban,Y
LP002522,Female,No,Graduate,2500,93,360,,Urban,Y
LP002524,Male,No,Graduate,5532,162,360,1,Rural,Y
LP002527,Male,Yes,Graduate,16525,150,360,1,Rural,Y
LP002529,Male,Yes,Graduate,6700,230,300,1,Semiurban,Y
LP002530,,Yes,Graduate,2873,132,360,0,Semiurban,N
LP002531,Male,Yes,Graduate,16667,86,360,1,Semiurban,Y
LP002533,Male,Yes,Graduate,2947,,360,1,Urban,N
LP002534,Female,No,Not Graduate,4350,154,360,1,Rural,Y
LP002536,Male,Yes,Not Graduate,3095,113,360,1,Rural,Y
LP002537,Male,Yes,Graduate,2083,128,360,1,Semiurban,Y
LP002541,Male,Yes,Graduate,10833,234,360,1,Semiurban,Y
LP002543,Male,Yes,Graduate,8333,246,360,1,Semiurban,Y
LP002544,Male,Yes,Not Graduate,1958,131,360,1,Rural,Y
LP002545,Male,No,Graduate,3547,80,360,0,Rural,N
LP002547,Male,Yes,Graduate,18333,500,360,1,Urban,N
LP002555,Male,Yes,Graduate,4583,160,360,1,Semiurban,Y
LP002556,Male,No,Graduate,2435,75,360,1,Urban,N
LP002560,Male,No,Not Graduate,2699,96,360,,Semiurban,Y
LP002562,Male,Yes,Not Graduate,5333,186,360,,Urban,Y
LP002571,Male,No,Not Graduate,3691,110,360,1,Rural,Y
LP002582,Female,No,Not Graduate,17263,225,360,1,Semiurban,Y
LP002585,Male,Yes,Graduate,3597,119,360,0,Rural,N
LP002586,Female,Yes,Graduate,3326,105,84,1,Semiurban,Y
LP002587,Male,Yes,Not Graduate,2600,107,360,1,Rural,Y
LP002588,Male,Yes,Graduate,4625,111,12,,Urban,Y
LP002600,Male,Yes,Graduate,2895,95,360,1,Semiurban,Y
LP002602,Male,No,Graduate,6283,209,360,0,Rural,N
LP002603,Female,No,Graduate,645,113,480,1,Rural,Y
LP002606,Female,No,Graduate,3159,100,360,1,Semiurban,Y
LP002615,Male,Yes,Graduate,4865,208,360,1,Semiurban,Y
LP002618,Male,Yes,Not Graduate,4050,138,360,,Rural,N
LP002619,Male,Yes,Not Graduate,3814,124,300,1,Semiurban,Y
LP002622,Male,Yes,Graduate,3510,243,360,1,Rural,Y
LP002624,Male,Yes,Graduate,20833,480,360,,Urban,Y
LP002625,,No,Graduate,3583,96,360,1,Urban,N
LP002626,Male,Yes,Graduate,2479,188,360,1,Urban,Y
LP002634,Female,No,Graduate,13262,40,360,1,Urban,Y
LP002637,Male,No,Not Graduate,3598,100,360,1,Rural,N
LP002640,Male,Yes,Graduate,6065,250,360,1,Semiurban,Y
LP002643,Male,Yes,Graduate,3283,148,360,1,Urban,Y
LP002648,Male,Yes,Graduate,2130,70,180,1,Semiurban,N
LP002652,Male,No,Graduate,5815,311,360,1,Rural,N
LP002659,Male,Yes,Graduate,3466,150,360,1,Rural,Y
LP002670,Female,Yes,Graduate,2031,113,480,1,Semiurban,Y
LP002682,Male,Yes,Not Graduate,3074,123,360,0,Semiurban,N
LP002683,Male,No,Graduate,4683,185,360,1,Semiurban,N
LP002684,Female,No,Not Graduate,3400,95,360,1,Rural,N
LP002689,Male,Yes,Not Graduate,2192,45,360,1,Semiurban,Y
LP002690,Male,No,Graduate,2500,55,360,1,Semiurban,Y
LP002692,Male,Yes,Graduate,5677,100,360,1,Rural,Y
LP002693,Male,Yes,Graduate,7948,480,360,1,Rural,Y
LP002697,Male,No,Graduate,4680,,360,1,Semiurban,N
LP002699,Male,Yes,Graduate,17500,400,360,1,Rural,Y
LP002705,Male,Yes,Graduate,3775,110,360,1,Semiurban,Y
LP002706,Male,Yes,Not Graduate,5285,161,360,0,Semiurban,Y
LP002714,Male,No,Not Graduate,2679,94,360,1,Semiurban,Y
LP002716,Male,No,Not Graduate,6783,130,360,1,Semiurban,Y
LP002717,Male,Yes,Graduate,1025,216,360,,Rural,Y
LP002720,Male,Yes,Graduate,4281,100,360,1,Urban,Y
LP002723,Male,No,Graduate,3588,110,360,0,Rural,N
LP002729,Male,No,Graduate,11250,196,360,,Semiurban,N
LP002731,Female,No,Not Graduate,18165,125,360,1,Urban,Y
LP002732,Male,No,Not Graduate,2550,126,360,1,Rural,Y
LP002734,Male,Yes,Graduate,6133,324,360,1,Urban,Y
LP002738,Male,No,Graduate,3617,107,360,1,Semiurban,Y
LP002739,Male,Yes,Not Graduate,2917,66,360,1,Rural,N
LP002740,Male,Yes,Graduate,6417,157,180,1,Rural,Y
LP002741,Female,Yes,Graduate,4608,140,180,1,Semiurban,Y
LP002743,Female,No,Graduate,2138,99,360,0,Semiurban,N
LP002753,Female,No,Graduate,3652,95,360,1,Semiurban,Y
LP002755,Male,Yes,Not Graduate,2239,128,360,1,Urban,Y
LP002757,Female,Yes,Not Graduate,3017,102,360,,Semiurban,Y
LP002767,Male,Yes,Graduate,2768,155,360,1,Rural,Y
LP002768,Male,No,Not Graduate,3358,80,36,1,Semiurban,N
LP002772,Male,No,Graduate,2526,145,360,1,Rural,Y
LP002776,Female,No,Graduate,5000,103,360,0,Semiurban,N
LP002777,Male,Yes,Graduate,2785,110,360,1,Rural,Y
LP002778,Male,Yes,Graduate,6633,,360,0,Rural,N
LP002784,Male,Yes,Not Graduate,2492,,360,1,Rural,Y
LP002785,Male,Yes,Graduate,3333,158,360,1,Urban,Y
LP002788,Male,Yes,Not Graduate,2454,181,360,0,Urban,N
LP002789,Male,Yes,Graduate,3593,132,180,0,Rural,N
LP002792,Male,Yes,Graduate,5468,26,360,1,Semiurban,Y
LP002794,Female,No,Graduate,2667,84,360,,Urban,Y
LP002795,Male,Yes,Graduate,10139,260,360,1,Semiurban,Y
LP002798,Male,Yes,Graduate,3887,162,360,1,Semiurban,Y
LP002804,Female,Yes,Graduate,4180,182,360,1,Semiurban,Y
LP002807,Male,Yes,Not Graduate,3675,108,360,1,Semiurban,Y
LP002813,Female,Yes,Graduate,19484,600,360,1,Semiurban,Y
LP002820,Male,Yes,Graduate,5923,211,360,1,Rural,Y
LP002821,Male,No,Not Graduate,5800,132,360,1,Semiurban,Y
LP002832,Male,Yes,Graduate,8799,258,360,0,Urban,N
LP002833,Male,Yes,Not Graduate,4467,120,360,,Rural,Y
LP002836,Male,No,Graduate,3333,70,360,1,Urban,Y
LP002837,Male,Yes,Graduate,3400,123,360,0,Rural,N
LP002840,Female,No,Graduate,2378,9,360,1,Urban,N
LP002841,Male,Yes,Graduate,3166,104,360,0,Urban,N
LP002842,Male,Yes,Graduate,3417,186,360,1,Urban,Y
LP002847,Male,Yes,Graduate,5116,165,360,0,Urban,N
LP002855,Male,Yes,Graduate,16666,275,360,1,Urban,Y
LP002862,Male,Yes,Not Graduate,6125,187,480,1,Semiurban,N
LP002863,Male,Yes,Graduate,6406,150,360,1,Semiurban,N
LP002868,Male,Yes,Graduate,3159,108,84,1,Urban,Y
LP002872,,Yes,Graduate,3087,136,360,0,Semiurban,N
LP002874,Male,No,Graduate,3229,110,360,1,Urban,Y
LP002877,Male,Yes,Graduate,1782,107,360,1,Rural,Y
LP002888,Male,No,Graduate,3182,161,360,1,Urban,Y
LP002892,Male,Yes,Graduate,6540,205,360,1,Semiurban,Y
LP002893,Male,No,Graduate,1836,90,360,1,Urban,N
LP002894,Female,Yes,Graduate,3166,36,360,1,Semiurban,Y
LP002898,Male,Yes,Graduate,1880,61,360,,Rural,N
LP002911,Male,Yes,Graduate,2787,146,360,0,Rural,N
LP002912,Male,Yes,Graduate,4283,172,84,1,Rural,N
LP002916,Male,Yes,Graduate,2297,104,360,1,Urban,Y
LP002917,Female,No,Not Graduate,2165,70,360,1,Semiurban,Y
LP002925,,No,Graduate,4750,94,360,1,Semiurban,Y
LP002926,Male,Yes,Graduate,2726,106,360,0,Semiurban,N
LP002928,Male,Yes,Graduate,3000,56,180,1,Semiurban,Y
LP002931,Male,Yes,Graduate,6000,205,240,1,Semiurban,N
LP002933,,No,Graduate,9357,292,360,1,Semiurban,Y
LP002936,Male,Yes,Graduate,3859,142,180,1,Rural,Y
LP002938,Male,Yes,Graduate,16120,260,360,1,Urban,Y
LP002940,Male,No,Not Graduate,3833,110,360,1,Rural,Y
LP002941,Male,Yes,Not Graduate,6383,187,360,1,Rural,N
LP002943,Male,No,Graduate,2987,88,360,0,Semiurban,N
LP002945,Male,Yes,Graduate,9963,180,360,1,Rural,Y
LP002948,Male,Yes,Graduate,5780,192,360,1,Urban,Y
LP002949,Female,No,Graduate,416,350,180,,Urban,N
LP002950,Male,Yes,Not Graduate,2894,155,360,1,Rural,Y
LP002953,Male,Yes,Graduate,5703,128,360,1,Urban,Y
LP002958,Male,No,Graduate,3676,172,360,1,Rural,Y
LP002959,Female,Yes,Graduate,12000,496,360,1,Semiurban,Y
LP002960,Male,Yes,Not Graduate,2400,,180,1,Urban,N
LP002961,Male,Yes,Graduate,3400,173,360,1,Semiurban,Y
LP002964,Male,Yes,Not Graduate,3987,157,360,1,Rural,Y
LP002974,Male,Yes,Graduate,3232,108,360,1,Rural,Y
LP002978,Female,No,Graduate,2900,71,360,1,Rural,Y
LP002979,Male,Yes,Graduate,4106,40,180,1,Rural,Y
LP002983,Male,Yes,Graduate,8072,253,360,1,Urban,Y
LP002984,Male,Yes,Graduate,7583,187,360,1,Urban,Y
LP002990,Female,No,Graduate,4583,133,360,0,Semiurban,N
